{
  "total_realized_pnl": 0,
  "trade_count": 0,
  "win_rate": 0,
  "avg_profit_per_trade": 0,
  "sharpe_ratio": 0,
  "max_drawdown": 0.0,
  "peak_equity": 5.744080807133,
  "current_equity": 5.744080807133,
  "capital_utilization": 0.03287206395939339,
  "session_duration_s": 15.521775007247925
}